ligand_atom,receptor_atom,score
0,1297,1.48e-04
0,1301,7.97e-04
0,1302,5.28e-04
0,1303,4.89e-04
0,1468,1.78e-04
0,1472,1.42e-04
0,1476,2.21e-04
1,1301,2.13e-04
1,1302,4.38e-04
1,1472,2.42e-04
1,1476,4.91e-04
2,1302,1.05e-04
2,1476,2.27e-04
3,1302,1.85e-04
3,1467,6.57e-04
3,1468,4.89e-04
3,1472,7.46e-04
3,1474,1.15e-04
3,1476,7.30e-04
4,1302,4.05e-04
4,1458,3.24e-04
4,1459,3.76e-04
4,1465,4.01e-04
4,1467,7.29e-04
4,1468,6.95e-04
4,1472,6.74e-04
4,1474,2.68e-04
4,1476,6.85e-04
4,1477,1.88e-04
5,1297,1.41e-04
5,1301,5.30e-04
5,1302,5.80e-04
5,1303,5.31e-04
5,1467,6.48e-04
5,1468,7.29e-04
5,1472,5.54e-04
5,1474,1.18e-04
5,1476,2.99e-04
5,1477,1.73e-04
6,1283,2.85e-04
6,1291,1.72e-04
6,1297,5.71e-04
6,1301,5.74e-04
6,1302,4.48e-04
6,1303,6.62e-04
6,1465,1.31e-04
6,1467,5.25e-04
6,1468,6.96e-04
6,1472,2.41e-04
6,1477,1.68e-04
7,1282,1.07e-04
7,1283,6.30e-04
7,1291,4.71e-04
7,1292,1.46e-04
7,1297,7.43e-04
7,1301,6.84e-04
7,1302,5.28e-04
7,1303,6.98e-04
7,1468,3.10e-04
8,1283,5.36e-04
8,1291,1.54e-04
8,1297,4.59e-04
8,1301,2.10e-04
8,1302,7.05e-04
8,1303,7.75e-04
8,1448,1.40e-04
8,1457,5.23e-04
8,1458,5.36e-04
8,1459,1.64e-04
8,1460,1.14e-04
8,1465,7.38e-04
8,1467,7.53e-04
8,1468,1.83e-04
8,1472,6.20e-04
8,1474,3.15e-04
8,1477,6.64e-04
8,1480,1.88e-04
8,1481,1.41e-04
8,1485,1.08e-04
9,1278,2.83e-04
9,1282,6.38e-04
9,1283,5.23e-04
9,1289,3.24e-04
9,1291,4.01e-04
9,1296,3.97e-04
9,1297,5.17e-04
9,1302,5.02e-04
9,1303,7.01e-04
9,1448,2.89e-04
9,1457,3.90e-04
9,1458,2.44e-04
9,1460,1.08e-04
9,1465,3.94e-04
9,1467,4.82e-04
9,1468,6.03e-04
9,1477,2.31e-04
9,1481,1.21e-04
9,1485,2.49e-04
10,1276,1.42e-04
10,1278,1.92e-04
10,1280,1.31e-04
10,1282,4.60e-04
10,1283,5.82e-04
10,1303,1.32e-04
10,1448,3.10e-04
10,1456,1.52e-04
10,1457,6.57e-04
10,1458,3.86e-04
10,1460,6.25e-04
10,1461,5.13e-04
10,1462,4.23e-04
10,1463,3.04e-04
10,1464,1.14e-04
10,1465,3.07e-04
10,1467,1.02e-04
10,1468,5.67e-04
11,1283,4.79e-04
11,1447,4.02e-04
11,1448,5.83e-04
11,1456,6.60e-04
11,1457,4.57e-04
11,1458,7.67e-04
11,1459,5.52e-04
11,1460,5.31e-04
11,1461,5.53e-04
11,1462,7.73e-04
11,1463,6.93e-04
11,1464,6.40e-04
11,1465,7.28e-04
11,1467,2.42e-04
11,1468,6.50e-04
12,1276,2.19e-04
12,1277,3.25e-04
12,1278,9.06e-04
12,1279,3.48e-04
12,1282,4.46e-04
12,1283,7.79e-04
12,1289,2.06e-04
12,1293,1.01e-04
12,1296,8.35e-04
12,1297,1.24e-04
12,1302,1.44e-04
12,1303,5.58e-04
12,1447,3.55e-04
12,1448,7.81e-04
12,1456,1.61e-04
12,1457,7.42e-04
12,1458,3.70e-04
12,1465,7.23e-04
12,1467,7.07e-04
12,1468,4.18e-04
12,1472,1.14e-04
12,1474,1.06e-04
12,1477,5.36e-04
12,1480,1.99e-04
12,1481,7.17e-04
12,1483,7.39e-04
12,1484,1.77e-04
12,1485,6.69e-04
13,1273,1.69e-04
13,1274,1.65e-04
13,1276,5.56e-04
13,1277,1.13e-04
13,1278,1.90e-04
13,1280,8.29e-04
13,1282,8.73e-04
13,1283,1.78e-04
13,1284,3.93e-04
13,1289,3.33e-04
13,1291,1.11e-04
13,1457,2.09e-04
13,1460,1.77e-04
13,1461,4.72e-04
13,1462,3.70e-04
13,1463,4.63e-04
14,1273,1.11e-04
14,1276,3.64e-04
14,1280,5.46e-04
14,1282,3.79e-04
14,1283,7.27e-04
14,1284,1.87e-04
14,1457,1.25e-04
14,1460,2.94e-04
14,1461,7.10e-04
14,1462,8.01e-04
14,1463,6.26e-04
14,1464,4.06e-04
15,1265,2.12e-04
15,1273,6.23e-04
15,1274,4.68e-04
15,1276,7.70e-04
15,1277,2.42e-04
15,1278,1.28e-04
15,1280,7.95e-04
15,1282,3.17e-04
15,1283,7.08e-04
15,1284,2.51e-04
15,1461,4.94e-04
15,1462,6.95e-04
15,1463,6.30e-04
15,1464,1.20e-04
16,1264,2.70e-04
16,1265,5.60e-04
16,1272,5.28e-04
16,1273,4.59e-04
16,1274,7.00e-04
16,1275,3.64e-04
16,1276,4.36e-04
16,1277,6.28e-04
16,1278,2.25e-04
16,1280,2.88e-04
16,1282,7.50e-04
16,1283,6.48e-04
16,1284,7.79e-04
16,1463,4.38e-04
17,1280,3.30e-04
17,1282,2.64e-04
17,1283,7.22e-04
17,1284,4.09e-04
17,1462,3.98e-04
17,1463,7.01e-04
17,1464,1.15e-04
18,1102,3.06e-04
18,1283,1.03e-04
18,1462,4.77e-04
18,1463,8.01e-04
18,1464,1.43e-04
19,1283,4.51e-04
19,1462,2.71e-04
19,1463,4.48e-04
19,1464,1.60e-04
20,1265,3.95e-04
20,1273,6.76e-04
20,1274,1.10e-04
20,1276,8.78e-04
20,1277,1.56e-04
20,1278,1.05e-04
20,1280,3.36e-04
20,1283,1.45e-04
20,1457,1.65e-04
20,1460,3.54e-04
20,1461,9.33e-04
20,1462,7.21e-04
20,1463,2.07e-04
20,1464,4.20e-04
21,308,1.44e-04
21,310,2.98e-04
21,311,1.79e-04
21,1119,1.92e-04
21,1264,5.58e-04
21,1265,6.40e-04
21,1272,3.48e-04
21,1273,8.02e-04
21,1274,1.81e-04
21,1276,7.70e-04
21,1277,3.05e-04
21,1278,1.17e-04
21,1280,2.39e-04
21,1461,5.77e-04
21,1462,5.74e-04
21,1463,7.09e-04
22,308,1.26e-04
22,310,3.84e-04
22,311,1.60e-04
22,1119,7.12e-04
22,1264,6.38e-04
22,1265,5.14e-04
22,1272,4.26e-04
22,1273,6.53e-04
22,1274,2.24e-04
22,1276,7.48e-04
22,1280,2.61e-04
22,1463,5.50e-04
23,1102,1.37e-04
23,1119,3.86e-04
23,1265,5.38e-04
23,1273,2.14e-04
23,1276,1.49e-04
23,1462,1.33e-04
23,1463,7.08e-04
24,306,1.43e-04
24,307,5.13e-04
24,308,7.47e-04
24,309,3.17e-04
24,310,7.35e-04
24,311,4.84e-04
24,367,1.52e-04
24,368,4.02e-04
24,369,8.15e-04
24,370,6.49e-04
24,1264,1.29e-04
24,1265,7.24e-04
24,1273,1.62e-04
24,1276,4.54e-04
24,1461,9.88e-04
24,1462,7.83e-04
24,1463,6.47e-04
25,306,3.95e-04
25,307,6.28e-04
25,308,5.85e-04
25,309,4.38e-04
25,310,4.35e-04
25,311,3.78e-04
25,366,1.91e-04
25,367,4.10e-04
25,368,5.65e-04
25,369,5.58e-04
25,370,3.58e-04
25,413,1.72e-04
25,1265,4.42e-04
25,1276,3.73e-04
25,1439,5.54e-04
25,1440,4.29e-04
25,1441,1.44e-04
25,1445,5.53e-04
25,1447,4.98e-04
25,1448,1.74e-04
25,1456,4.97e-04
25,1457,2.11e-04
25,1460,2.94e-04
25,1461,7.33e-04
25,1462,7.03e-04
25,1463,7.47e-04
26,305,1.67e-04
26,306,7.26e-04
26,307,7.64e-04
26,308,8.81e-04
26,309,8.14e-04
26,310,7.81e-04
26,311,6.69e-04
26,332,1.07e-04
26,364,5.80e-04
26,365,1.09e-04
26,366,3.44e-04
26,367,8.59e-04
26,368,1.04e-03
26,369,9.87e-04
26,370,7.87e-04
26,413,8.01e-04
26,1439,7.38e-04
26,1440,7.68e-04
26,1441,2.95e-04
26,1445,5.02e-04
26,1447,2.37e-04
26,1456,2.45e-04
26,1461,1.03e-03
26,1462,2.61e-04
26,1463,3.70e-04
27,306,2.54e-04
27,307,6.67e-04
27,308,4.32e-04
27,309,7.42e-04
27,310,4.84e-04
27,311,7.06e-04
27,413,1.86e-04
27,1264,5.36e-04
27,1265,8.06e-04
27,1266,1.13e-04
27,1272,1.86e-04
27,1273,6.20e-04
27,1276,9.21e-04
27,1277,8.59e-04
27,1278,9.29e-04
27,1433,1.89e-04
27,1437,1.55e-04
27,1439,9.34e-04
27,1440,7.31e-04
27,1441,8.50e-04
27,1445,9.15e-04
27,1447,6.76e-04
27,1448,4.29e-04
27,1456,3.73e-04
27,1457,1.45e-04
27,1461,8.91e-04
27,1462,1.18e-04
27,1463,2.17e-04
28,310,2.08e-04
28,1090,1.44e-04
28,1091,5.59e-04
28,1097,3.06e-04
28,1098,1.25e-04
28,1102,1.24e-04
28,1104,4.45e-04
28,1108,2.59e-04
28,1110,1.16e-04
28,1113,3.89e-04
28,1114,5.70e-04
28,1115,1.84e-04
28,1118,4.13e-04
28,1119,2.48e-04
28,1259,3.11e-04
28,1261,4.28e-04
28,1264,5.32e-04
28,1265,7.43e-04
28,1272,2.83e-04
28,1273,4.41e-04
29,308,1.31e-04
29,310,7.36e-04
29,311,3.15e-04
29,1091,3.88e-04
29,1097,1.11e-04
29,1098,1.11e-04
29,1104,6.30e-04
29,1106,3.49e-04
29,1108,6.76e-04
29,1110,6.87e-04
29,1111,1.66e-04
29,1113,6.08e-04
29,1114,4.73e-04
29,1115,3.06e-04
29,1116,3.85e-04
29,1117,1.16e-04
29,1255,1.57e-04
29,1259,4.94e-04
29,1261,3.57e-04
29,1264,6.23e-04
29,1265,7.69e-04
29,1272,1.82e-04
29,1273,1.48e-04
30,190,3.78e-04
30,193,4.15e-04
30,308,3.27e-04
30,310,8.40e-04
30,311,2.92e-04
30,1091,1.84e-04
30,1097,1.51e-04
30,1098,2.43e-04
30,1104,8.37e-04
30,1105,2.19e-04
30,1106,6.66e-04
30,1107,2.17e-04
30,1108,7.42e-04
30,1110,6.01e-04
30,1113,1.93e-04
30,1114,5.20e-04
30,1115,3.60e-04
30,1116,4.53e-04
30,1117,2.69e-04
30,1265,3.99e-04
31,1098,1.65e-04
31,1108,1.31e-04
31,1114,1.69e-04
31,1119,1.27e-04
32,1079,1.01e-04
32,1081,3.24e-04
32,1090,5.46e-04
32,1091,7.54e-04
32,1096,2.14e-04
32,1097,3.22e-04
32,1102,1.15e-04
32,1104,2.49e-04
32,1108,3.35e-04
32,1110,2.33e-04
32,1112,1.07e-04
32,1113,8.25e-04
32,1114,5.71e-04
32,1115,1.59e-04
32,1118,2.86e-04
32,1119,6.37e-04
32,1257,3.00e-04
32,1258,1.32e-04
32,1259,7.27e-04
32,1260,6.37e-04
32,1261,6.38e-04
32,1264,6.00e-04
32,1265,7.32e-04
32,1272,5.57e-04
32,1273,8.90e-04
32,1274,4.34e-04
32,1280,3.41e-04
33,1079,2.11e-04
33,1080,3.43e-04
33,1081,2.75e-04
33,1088,1.20e-04
33,1090,5.78e-04
33,1091,7.32e-04
33,1096,3.13e-04
33,1097,2.82e-04
33,1102,4.48e-04
33,1113,4.46e-04
33,1119,3.95e-04
33,1259,3.90e-04
33,1260,3.45e-04
33,1261,7.40e-04
33,1264,1.32e-04
33,1265,2.76e-04
33,1272,2.47e-04
33,1273,6.77e-04
33,1274,6.05e-04
33,1275,1.54e-04
33,1280,7.60e-04
33,1284,6.88e-04
33,1288,1.44e-04
34,1079,2.37e-04
34,1080,4.05e-04
34,1088,2.43e-04
34,1090,7.92e-04
34,1091,6.77e-04
34,1096,7.49e-04
34,1097,8.03e-04
34,1098,3.15e-04
34,1101,7.51e-04
34,1102,4.49e-04
34,1103,1.38e-04
34,1104,2.59e-04
34,1113,2.08e-04
34,1261,1.58e-04
34,1284,2.12e-04
35,1079,5.85e-04
35,1080,7.68e-04
35,1088,4.42e-04
35,1090,8.18e-04
35,1091,7.60e-04
35,1096,7.68e-04
35,1097,6.69e-04
35,1101,6.23e-04
35,1102,5.10e-04
35,1284,6.34e-04
35,1285,1.91e-04
35,1286,6.17e-04
35,1287,3.61e-04
35,1288,6.03e-04
36,1077,1.30e-04
36,1079,8.10e-04
36,1080,3.15e-04
36,1081,7.54e-04
36,1088,7.57e-04
36,1090,8.21e-04
36,1091,7.52e-04
36,1096,5.25e-04
36,1097,1.57e-04
36,1102,4.86e-04
36,1113,1.98e-04
36,1260,1.05e-04
36,1261,5.15e-04
36,1274,1.22e-04
36,1280,4.17e-04
36,1284,8.15e-04
36,1285,7.75e-04
36,1286,8.60e-04
36,1287,6.78e-04
36,1288,3.65e-04
36,1329,5.18e-04
36,1331,5.67e-04
37,1079,7.45e-04
37,1080,6.74e-04
37,1081,7.45e-04
37,1088,4.79e-04
37,1090,5.83e-04
37,1091,7.00e-04
37,1096,1.96e-04
37,1102,1.18e-04
37,1113,5.52e-04
37,1259,5.14e-04
37,1260,6.96e-04
37,1261,5.14e-04
37,1272,1.36e-04
37,1273,4.20e-04
37,1274,6.85e-04
37,1275,3.70e-04
37,1280,7.95e-04
37,1284,6.92e-04
37,1285,5.46e-04
37,1286,6.28e-04
37,1287,1.63e-04
37,1288,5.16e-04
37,1329,5.81e-04
37,1331,4.77e-04
38,1077,2.20e-04
38,1079,7.62e-04
38,1080,7.19e-04
38,1081,4.67e-04
38,1082,1.17e-04
38,1083,1.67e-04
38,1084,5.07e-04
38,1088,3.58e-04
38,1090,2.05e-04
38,1091,4.69e-04
38,1113,6.76e-04
38,1257,5.07e-04
38,1258,6.50e-04
38,1259,5.65e-04
38,1260,4.28e-04
38,1272,4.26e-04
38,1273,6.69e-04
38,1274,7.80e-04
38,1275,7.36e-04
38,1280,8.01e-04
38,1284,6.63e-04
38,1285,6.34e-04
38,1286,5.98e-04
38,1288,5.46e-04
38,1326,2.26e-04
38,1327,6.15e-04
38,1328,1.21e-04
38,1329,3.86e-04
38,1330,2.22e-04
38,1331,6.39e-04
39,308,1.09e-04
39,310,5.77e-04
39,311,2.80e-04
39,1118,3.24e-04
39,1119,3.74e-04
39,1259,1.24e-04
39,1261,2.73e-04
39,1264,8.74e-04
39,1265,2.95e-04
39,1272,7.78e-04
39,1273,1.02e-03
39,1274,3.99e-04
39,1276,7.05e-04
39,1280,3.15e-04
40,193,1.43e-04
40,308,6.18e-04
40,310,7.53e-04
40,311,1.06e-04
40,370,5.03e-04
40,1104,4.85e-04
40,1118,2.70e-04
40,1119,7.43e-04
41,1098,1.92e-04
41,1101,1.92e-04
41,1102,1.29e-04
41,1103,1.41e-04
41,1104,1.02e-04
43,178,1.14e-04
43,182,1.04e-04
43,1103,1.05e-04
43,1104,1.27e-04
44,167,1.76e-04
44,168,6.81e-04
44,172,1.00e-04
44,174,1.19e-04
44,176,1.35e-04
44,178,2.84e-04
44,179,3.73e-04
44,182,2.06e-04
44,185,1.92e-04
45,167,6.06e-04
45,168,5.88e-04
45,172,5.73e-04
45,174,7.42e-04
45,175,1.39e-04
45,176,6.35e-04
45,177,3.76e-04
45,178,7.36e-04
45,179,5.87e-04
45,181,4.92e-04
45,182,7.38e-04
45,183,3.22e-04
45,185,7.32e-04
46,167,1.92e-04
46,168,5.86e-04
46,172,3.08e-04
46,174,7.42e-04
46,175,2.45e-04
46,176,6.84e-04
46,177,2.72e-04
46,178,6.71e-04
46,179,3.27e-04
46,181,6.91e-04
46,182,2.39e-04
46,183,5.34e-04
46,185,7.28e-04
46,186,4.14e-04
46,190,1.34e-04
47,174,2.53e-04
47,176,2.02e-04
47,178,7.32e-04
47,179,7.27e-04
47,181,6.95e-04
47,182,5.12e-04
47,185,2.68e-04
47,186,1.77e-04
47,190,2.05e-04
47,1104,6.33e-04
47,1105,1.80e-04
48,178,2.58e-04
48,179,1.03e-04
48,182,4.65e-04
48,1097,1.16e-04
48,1098,1.69e-04
48,1104,6.42e-04
48,1105,1.08e-04
